id,Firstname,Lastname,Address,CreditNumber
1,Lane,Finn,08 Butternut Hill,3548158435806095
2,Benton,Khalid,73 Annamark Parkway,201632393096992
3,Meredith,Kytter,3442 Warner Drive,3556871387735638
4,Griselda,Fretter,4523 Bartillon Court,3574043534587779
5,Starlene,Petkov,21305 Fulton Road,3565975866978806
6,Anallise,De Ruggero,14 Westend Junction,5602223795949253
7,Joeann,Nehls,80142 Lillian Alley,5641823124522560290
8,Cristi,Moggan,8998 Merrick Lane,3589305712862891
9,Christiano,Bahia,20 Crescent Oaks Parkway,3569696907486031
10,Charmine,Farrell,2600 Sugar Pass,5577028489721772
11,Courtnay,Manson,8 Graedel Plaza,3528495167462075
12,Titus,Milbank,3732 Eastlawn Place,3556624085476595
13,Sal,Dinjes,50 Hollow Ridge Center,5602220744922092
14,Layton,Kenson,8 1st Junction,5602231228747293
15,Fernanda,Craister,8783 Evergreen Avenue,5610464773546998
16,Lauryn,Pattlel,8 Westerfield Center,5610815704541756
17,Wilbur,Kyneton,811 Cascade Road,3561027882069097
18,Morrie,Bounde,41079 Briar Crest Hill,3558748044711038
19,Hamid,Stiven,3 Coleman Crossing,3547706094958945
20,Milissent,Burg,9249 Darwin Point,3581315791514238
21,Carolee,Parradye,1689 Dottie Hill,5463918512277163
22,Ceciley,Colwell,307 Veith Trail,6381774166632501
23,Lyle,McCraw,27 Everett Road,3567622962421988
24,Farrand,Dunkerk,13 Welch Junction,67626580789013426
25,Aimil,Corck,21072 Meadow Ridge Lane,30077765138617
26,Gwendolen,Verheyden,98488 Arapahoe Way,490503433350453120
27,Barde,Karlik,77747 Russell Place,3545245808546375
28,Darrelle,Dominec,639 Morningstar Parkway,3554896659968007
29,Ardeen,Frudd,47913 Hauk Alley,3555528785557656
30,Malory,Croisier,22 Haas Plaza,58934678395663497
31,Aretha,Moakes,92 Oak Valley Crossing,3538989743800186
32,Blanch,Attenbrow,72511 Mesta Place,670980288113762194
33,Fiona,Amery,7 Spenser Hill,377992902849929
34,Octavius,Ivatt,92 Buhler Terrace,3543107708687588
35,Court,Jeanel,32057 1st Junction,376816584318526
36,Miguelita,Connor,445 Dawn Parkway,3529308537681937
37,Aretha,Iacofo,06505 Glendale Street,30253558776810
38,Ase,Targetter,08174 Pearson Court,3553404679925429
39,Christabella,Akam,7690 Eastwood Center,3553208982825618
40,Meredithe,Corsor,30456 Forest Drive,3587359125132154
41,Corey,Merveille,86 Hermina Center,3531550378342899
42,Becka,Brackstone,069 Norway Maple Circle,3532612012364231
43,Shayne,Burnhard,71 Sunbrook Circle,3566467140981656
44,Ulla,McNutt,53661 Havey Trail,201683729333435
45,Demetris,Steet,0 Summerview Avenue,4017953573484667
46,Charmane,Harce,680 Goodland Street,3588956605226296
47,Hank,Garnam,72611 Roth Place,342549235928333
48,Kean,Guyet,66452 Welch Court,6378471811138944
49,Shell,Manton,6138 Luster Way,3577727631612947
50,Locke,Scates,3415 Manley Court,3551141919397371
51,Christiane,Coalburn,28000 Loomis Center,3587400497726817
52,Devina,Vasyutin,0 Pine View Way,3582009009411142
53,Faustine,Redhills,273 Linden Lane,6396821918183037
54,Cynthie,Robic,75 Duke Parkway,201659618787998
55,Patricia,Bent,1 Brentwood Court,3530366520129543
56,Regan,Margarson,07073 Prentice Parkway,3529498325596593
57,Bernadette,Yoakley,16679 Clemons Junction,3568413609913382
58,Walliw,MacAlinden,5865 Pierstorff Terrace,3543151467108519
59,Colene,Haney,34051 Bunker Hill Drive,3589537792473583
60,Arnold,Wilton,81107 Bartillon Plaza,201908910814749
61,Cyrille,Trenchard,93911 Kings Lane,56100299831475925
62,Goldie,Tebb,28112 Marquette Alley,3546579419421928
63,Cece,Crutch,7 Springview Drive,3561754598977558
64,Jeane,Zannolli,2963 Miller Point,3530464097472048
65,Jillene,Bompas,4244 Dixon Point,201666817440139
66,Sheree,Whitehead,03 Autumn Leaf Alley,30132606486178
67,Johnna,Kittel,43561 Thackeray Pass,3544457130529232
68,Quinn,Yoseloff,95358 Bowman Center,3562420518192251
69,Lindsy,Giroldo,3 Stone Corner Point,560224096401743662
70,Connor,MacAlpine,0 Russell Way,3555361618503618
71,Brucie,Iacobetto,922 Forest Hill,3578666937629420
72,Bryanty,Lenormand,32860 Crownhardt Parkway,5193054422861248
73,Grace,Piller,40342 Caliangt Court,3566890135943219
74,Lorie,Lethieulier,15599 Milwaukee Parkway,5208511580769847
75,Fonsie,Andrivot,59453 Ramsey Plaza,5893611074760284
76,Vlad,Freire,6822 Vermont Road,30006971394623
77,Rena,Moyers,99 Meadow Vale Crossing,3558056915499885
78,Meryl,Rosenstock,14615 Ruskin Plaza,3532607687014863
79,Jeddy,Dumingos,3611 Milwaukee Terrace,4911361953052096077
80,Winn,Chopping,2 Mallory Court,5007664614858970
81,Hattie,Blues,4 Summerview Plaza,3588094696099081
82,Gare,Cockin,05 Towne Alley,5602240093697598012
83,Maggi,Jewise,22 Lotheville Place,4936558114468919
84,Tam,Tabourel,7 Bowman Road,4026668526385725
85,Zedekiah,Sterricks,762 Stuart Pass,3555782009971439
86,Neila,Curnick,421 Oakridge Way,3531482780668002
87,Abbot,Samuel,5 Autumn Leaf Trail,201481383851119
88,Anneliese,Jenik,38430 Caliangt Street,6385454026755877
89,Rolfe,Valde,61609 Reinke Alley,201730427875082
90,Daphna,Searston,357 Karstens Point,201610883796891
91,Heidie,Congreve,99 Canary Parkway,5002355819852893
92,Tedda,Simionescu,98 Jana Lane,3583383382310448
93,Grenville,Houdhury,9 Jenna Crossing,340781408824922
94,Vale,Boss,3235 Killdeer Alley,3571302611649347
95,Anastassia,Offill,69 Hanson Hill,3563733189186744
96,Nichole,Yushankin,99 Mayfield Plaza,3528934320053686
97,Ram,Eversfield,36 Thompson Lane,344304105140801
98,Lucais,Jakoviljevic,9 Prairie Rose Road,3579135078456356
99,Hilton,Bucke,711 Sage Way,3552642732739987
100,Glen,Pessold,8 Moulton Junction,675934682726290856
101,Kamillah,Pullar,94 Ilene Avenue,6767001138157889622
102,Reggie,Summerson,434 Harbort Place,201915601831478
103,Revkah,Mannin,4 Homewood Junction,3569065005552518
104,Jabez,Costello,9988 Cascade Terrace,3552722180805694
105,Toddie,Berget,37871 Morrow Hill,670922977297934782
106,Meaghan,O'Sherrin,1157 Myrtle Junction,3545183592200083
107,Lucia,Vasilmanov,57156 Anniversary Parkway,3576453856116966
108,Dot,Flewett,2 Fairview Place,5100176369839846
109,Justine,Bakhrushin,6 Springview Avenue,5602243403488445
110,Lexine,O'Loughlin,2 John Wall Trail,5007665229481215
111,Collette,Groarty,5 Old Shore Plaza,30134462059768
112,Ben,Eddison,88935 Stang Junction,3563516719547406
113,Ailey,Espinet,0872 Loomis Point,6759209750648392375
114,Goldi,Cabrera,0 Stone Corner Crossing,3554177731719811
115,Anderea,Pestricke,6 Veith Drive,5531814561525412
116,Ivan,Fossitt,61826 Starling Court,3569648482484931
117,Gregor,Wakerley,8 Haas Trail,4917122588094579
118,Nanci,Dimic,9 Pierstorff Pass,30227338887477
119,Tiffy,Van der Linde,3 Maryland Alley,3556019816215372
120,Langsdon,Chapelhow,3243 Vahlen Alley,4175000702080640
121,Conrad,Mennell,23022 Cherokee Court,3559856789671389
122,Rafaelia,Scargill,07 Debra Point,3572605663693040
123,Garald,Leser,55909 Golf Course Lane,564182347458303336
124,Towny,Hollyar,9 Myrtle Plaza,3562788640221754
125,Igor,Lanphere,0 Monica Street,3571153788202935
126,Jerrie,Rodriguez,657 Eliot Parkway,6333939865658804738
127,Marsh,Nairy,55 Artisan Trail,5464161011262324
128,Nadya,Plummer,32 Maywood Avenue,3548510287724745
129,Kin,Peeters,7 Canary Road,3573198725208220
130,Shelley,Sygroves,5 Cherokee Pass,5447750615284965
131,Wang,Freke,74589 Russell Road,3539176699831824
132,Paolina,De Bruin,2998 Bultman Way,3541520262679597
133,Doug,Vlasenko,9853 Claremont Parkway,50180182320998753
134,Erastus,Shirrell,7 Dovetail Point,6384176672933711
135,Faina,Whelan,35 Superior Point,3583726727779588
136,Lyndsay,Dunsleve,04970 Park Meadow Hill,201754543973886
137,Juliet,Davey,905 Rieder Terrace,5602210163253061
138,Britney,Tackley,28 Vernon Lane,201587709769023
139,Gus,Alliband,0 Stang Park,3559825822674080
140,Charlotta,Wybrow,1091 Killdeer Avenue,30527149895514
141,Pascal,Patrie,168 Service Crossing,201473958592681
142,Stacee,Spreull,4614 Gulseth Alley,3533903645964391
143,Burke,Click,83677 Rockefeller Point,3574705944506413
144,Abba,Jobern,24 Prairieview Circle,201421493277045
145,Gaye,Gapper,4017 Reinke Place,3574973535342149
146,Louis,Shorthouse,38145 Delladonna Crossing,4844594702300462
147,Ertha,Pilling,97501 Hoard Place,5502212658720399
148,Minnaminnie,Witch,365 Waxwing Place,5564482265344561
149,Flore,Friberg,4 Old Shore Point,5440681033377726
150,Vitia,Guilliatt,9 Hallows Junction,67716346845328989
151,Dania,Farrance,8188 Emmet Park,5602217569551154
152,Laryssa,Hryniewicz,13957 Carioca Junction,5038250465164420
153,Iris,MacGillreich,2276 Westport Place,3573949413895334
154,Joye,Corradini,00 1st Plaza,6372024618150764
155,Theresa,Bownas,6 Hoepker Drive,3586348475284161
156,Stephine,Boorne,7284 Mockingbird Pass,201777017026626
157,Tanner,Jertz,1 Fairview Parkway,3552901090915070
158,Morten,Woolner,1 Walton Alley,3576272259707993
159,Maren,Wolffers,752 Kedzie Circle,4508773339703788
160,Guillaume,Coller,755 Pierstorff Way,5602228501773244
161,Shermie,Redmain,6009 Talisman Road,3565787744563894
162,Kevan,Stango,91 Claremont Avenue,3535369367453914
163,Hugibert,Bahlmann,6 Clove Hill,3547158462494980
164,Abbe,Thackham,9 Debs Parkway,5108757432621733
165,Humfrid,Frisel,43410 Hauk Center,3549443643652500
166,Emili,Trotton,7 Victoria Place,3538340514427694
167,Lew,Rosiello,8136 Cascade Court,3529311418430309
168,Maia,Gooderick,0026 Miller Parkway,374288140274662
169,Manuel,Willas,94630 Warner Street,3556522126378111
170,Slade,Kilius,49 Pierstorff Center,3554733691978704
171,Beulah,Rooson,92123 Main Plaza,490335476656411502
172,Everett,Babbage,273 Elmside Alley,3565785856945180
173,Ashia,Ekins,4 Sunfield Trail,3583313712005244
174,Rivy,Elford,7 Eggendart Lane,4508832773603761
175,Martynne,Macek,70701 Sunbrook Drive,5599747769813504
176,Basil,Sterre,7 Quincy Hill,5100142210970917
177,Marget,Chieze,89 Monterey Circle,3534678507735688
178,Hildagard,Hutson,82249 Raven Road,560222682362407835
179,Evangelia,Ratlee,51 West Plaza,3577488846424384
180,Karyl,Tibbs,7235 Homewood Park,3529904309668019
181,Esmaria,Heinsen,10 Coolidge Crossing,4913650935182220
182,Bernice,Sansome,0565 Dunning Way,374622743803263
183,Millard,Brunsen,9 Prairie Rose Hill,372301882511811
184,Charmine,Snailham,0246 Sunfield Center,201603913673859
185,Curcio,McCaughen,5 Gerald Plaza,3548473359566363
186,Margit,Clemits,97 Acker Center,5020712913109044962
187,Luella,Demangel,93 Oak Place,5565137993647193
188,Roi,Ewenson,64557 Scofield Hill,3573945173526325
189,Rose,Wrinch,47 Becker Hill,5602243625860272
190,Corina,Duinbleton,520 Mitchell Road,3554562675832110
191,Binky,Patrickson,45 Victoria Park,5007661001437806
192,Jada,Duddy,21 Twin Pines Hill,3582480939678060
193,Debby,Marling,9 Novick Lane,63041354108722166
194,Ree,Persitt,04732 Oneill Hill,5018603444459465
195,Vite,Silcox,1 Nevada Park,3556248874061499
196,Trever,Durdy,31800 Hansons Park,3580087370118787
197,Aubry,Gierek,26496 Superior Terrace,5038957645864199088
198,Dalton,Strut,5008 Lillian Street,3561542996680779
199,Saunderson,Rajchert,95814 Laurel Drive,5100148638593421
200,Thedric,Howey,0675 Delaware Junction,5007666041281379
201,Angy,Muston,926 Bellgrove Park,3568428880652822
202,Heidie,Schober,2327 Crownhardt Junction,3568184125631390
203,Belia,Elgie,403 Farragut Avenue,3569735098587130
204,Harry,Aizikovitz,62 Vernon Court,3579241625544635
205,Willow,Schoenfisch,42 Nelson Alley,4041599432918831
206,Gamaliel,Ollerenshaw,0501 Warner Way,337941886556926
207,Reuben,Broschek,40127 Rieder Way,3572129718987976
208,Hubey,Swalteridge,644 Moland Place,3542076075304880
209,Betta,Stelle,512 Arizona Road,3578768835726835
210,Adamo,Longhirst,624 Boyd Center,6761917221885859087
211,Irita,Vernay,313 Crownhardt Pass,4873480126643139
212,Avie,Syson,87031 Ohio Pass,5602252170306466
213,Caleb,Adrien,88719 Hoepker Pass,4913871731155166
214,Rollin,Goodreid,12555 Southridge Crossing,3544412938084302
215,Fina,Nilles,32950 Lakewood Gardens Lane,3555614830454402
216,Vale,Funcheon,12 Buell Drive,4913298918245497
217,Gavrielle,Betty,0426 Sloan Alley,3574508606720532
218,Ronnica,Jagg,5 Pierstorff Drive,5002358996253141
219,Othello,West,312 Anhalt Terrace,5602248066572914
220,Kaleb,Murray,6 Warrior Pass,5020728887983212
221,Fons,Dell 'Orto,7 Waywood Park,3554114664212340
222,Candy,Marchbank,9 Merchant Alley,3533249996720176
223,Alfonse,Smalman,414 Loeprich Park,3555285603709528
224,Haley,Bulter,54 Union Plaza,374283601238025
225,Lammond,Folomin,717 Montana Terrace,30205116236901
226,Latia,Phorsby,0 Waubesa Lane,3579560043335064
227,Gerald,Abramzon,4 Memorial Way,3585221826751181
228,Linell,Sanger,3937 Merry Lane,3572450549287927
229,Saree,Ikin,35745 Sutherland Street,3569128059067062
230,Juliane,Thornley,73595 Sachtjen Way,3589866466452189
231,Saunder,Cumberledge,78 Hoard Park,5007661448259508
232,Jaye,Siccombe,32 Fallview Place,3554661941152152
233,Audrey,Bradnock,3 Coleman Street,36183276198043
234,Brendon,Banisch,9 Golf View Alley,6398178302948287
235,Willy,Ingyon,82 Eastwood Road,5602239665454448
236,Miranda,Scintsbury,73699 Johnson Junction,201437201288710
237,Gabbie,Aldren,013 Waxwing Circle,30197159857133
238,Lida,Daelman,925 Hoepker Lane,5602217030831565
239,Willy,Bonnar,29 Garrison Terrace,3556180761138629
240,Dora,Casoni,238 Oxford Trail,3570556522627988
241,Rahal,Livezley,761 Arizona Park,3536577243702077
242,Peria,Dougharty,956 Upham Circle,3585524849789835
243,Kara-lynn,Rice,49656 Luster Lane,3536567454977963
244,Eliot,Trenouth,848 Nancy Circle,4026050875884121
245,Cris,McHardy,178 1st Crossing,4911769518026976
246,Emmy,Poltone,2229 Saint Paul Street,3557630658455600
247,Roger,Mc Caughen,14088 Weeping Birch Parkway,3565625752410006
248,Cindie,Newband,46775 Butterfield Way,67597448469982093
249,Nicol,Fass,23734 Hoepker Trail,3561844864532367
250,Orelee,Orange,7 Bonner Plaza,6767730736597093453
251,Sarah,Weepers,36 Hoard Center,5048379294099040
252,Camey,Garham,87 Lawn Court,5339857964635811
253,Willard,Philpot,8 Washington Pass,3559433628825947
254,Lanie,Maffezzoli,2162 Golf View Way,3539019535120202
255,Jo ann,Frangello,1926 Eagle Crest Crossing,5602223418821343
256,Bogey,Fielder,9 Hanover Road,3548611729678992
257,Dianna,Oneile,25144 Norway Maple Point,3574751627451014
258,Dotty,Crasford,98 Jenifer Circle,3530342242505104
259,Constantine,Loncaster,6320 Anhalt Hill,3538291812176584
260,Winslow,Ferrick,73 Kingsford Center,3575927710745327
261,Englebert,Westnage,100 Magdeline Avenue,201982169231459
262,Isiahi,Chsteney,24 Mcbride Crossing,564182643880370194
263,Ambrosio,Ebbles,0345 Cherokee Lane,3585948659162355
264,Michaella,Caddie,09040 Daystar Road,56100722204111785
265,Marybeth,Lucock,4776 Armistice Crossing,3560149046049889
266,Miriam,Daintith,12 Bartillon Place,6333291822365134257
267,Eleen,Maseyk,662 Spaight Lane,30404447628353
268,Kenton,Cabena,7770 Northfield Trail,633110228454585771
269,Federico,Moules,04994 Randy Alley,201758742002850
270,Doll,Sowray,94026 Morrow Center,5602220121949213
271,Beitris,Ordidge,1631 Glacier Hill Plaza,30496912069170
272,Tawnya,Morando,26 6th Road,5101575866820598
273,Shina,Falloon,01361 Morrow Terrace,3561706727719236
274,Arty,Lenahan,292 Shoshone Place,4917987587247117
275,Rollins,Perdue,86266 Sullivan Crossing,5168576738497359
276,Fred,Haldon,87 Elmside Lane,3553087336104114
277,Guenna,Gwilliams,4 Northport Parkway,3560348971549463
278,Wilone,Sterrick,9895 Toban Drive,5038808744585713
279,Fredra,Eannetta,7397 Eagle Crest Junction,3578909094388350
280,Dallas,Tournay,535 Manufacturers Parkway,0604020864230436
281,Eyde,Bainbrigge,93 Ridgeway Parkway,379419950865720
282,Alleyn,Leer,5 Briar Crest Crossing,5002352371846355
283,Susana,Riste,48 Bay Point,490525636786892075
284,Jason,Hickinbottom,83 Leroy Avenue,5602230799543149
285,Hernando,Alliberton,76989 Iowa Avenue,201553891405255
286,Flo,McKellar,6934 Ridgeway Junction,3575859608744403
287,Caterina,Willmett,729 Chinook Street,3584426005443523
288,Tom,Lambshine,30 Spaight Circle,6372675458785496
289,Liza,Spalding,43 Kingsford Place,676156614986036892
290,Harbert,Burdge,0154 Harbort Place,5018203579194160532
291,Stephi,Vaughton,6 Macpherson Alley,3542639436726982
292,Shaun,Moens,26351 Loomis Plaza,676115958413846260
293,Heather,Dudley,130 Chinook Park,374622216990712
294,Carole,Turnor,89 Magdeline Circle,5108751521886448
295,Carri,Hove,1 Ramsey Street,3589213428008579
296,Ogden,Howat,0364 Forest Run Center,3547823091258227
297,Lonnard,McMoyer,235 Elmside Avenue,4175006702222470
298,Marietta,Terlinden,19 Scofield Trail,4405171158517914
299,Gardy,Gummoe,149 Melrose Road,3586856360772652
300,Darbie,Borrington,4052 Clarendon Way,4017956503018240
301,Yettie,Volett,24194 Artisan Avenue,3568542519384894
302,Brett,Hardwell,232 Saint Paul Avenue,6759063979380589
303,Rozelle,Boswood,3 Porter Alley,5602229423498068
304,Cam,Oglethorpe,52980 La Follette Circle,5489162172618883
305,Danila,Cleen,87741 Eagle Crest Point,3579169673624191
306,Iosep,Driver,5823 Rusk Terrace,3538103133448073
307,Byrle,Pattrick,82 Grayhawk Crossing,337941065784422
308,Shirleen,Snassell,8921 Hayes Parkway,3536168842333033
309,Lindy,Phair,8 Bayside Street,3534752112061879
310,Lorenza,Lazell,547 Dennis Circle,5002350671929251
311,Lucian,Cholerton,79722 Bunker Hill Center,3549717820548254
312,Gisele,Batts,58 Morrow Alley,6759052748802916
313,Bettye,Neely,16024 South Park,5007662697001781
314,Verla,Farmloe,25 Maryland Circle,503854812142302601
315,Marjie,Buckham,1873 Lerdahl Place,3550979114761722
316,Bel,Fenkel,98 Londonderry Drive,3541721960597715
317,Jacynth,Bordessa,04370 Schiller Center,5602254827914148
318,Salomi,Lakenden,6034 3rd Circle,347054247439713
319,Babbie,Tullett,1 Maple Wood Circle,379229135118113
320,Darryl,Matchitt,43 Sunnyside Hill,5002351484959956
321,Sara-ann,Cabena,27 Manufacturers Plaza,3544718799003102
322,Milty,Huxley,0 Summerview Trail,4405557131718969
323,Goldina,Otteridge,8014 Burrows Park,6706333678612010865
324,Carroll,Bellelli,18 Scofield Hill,4508106213312501
325,Sibel,Brok,6305 Summerview Drive,30467662702260
326,Saundra,Cluse,215 American Avenue,5610429829911725949
327,Greer,Grundy,978 Merchant Drive,5100149624185537
328,Carmel,Cairney,3273 Roxbury Place,3543697700648471
329,Guenna,Eastwell,8763 Holy Cross Way,3546504743276111
330,Juana,Jammet,0 Pepper Wood Point,633371265848257786
331,Elnore,Ditter,1 7th Plaza,3583646239765547
332,Shirley,MacBrearty,7 Sheridan Crossing,201614395618205
333,Lanita,Pinder,42 Ramsey Plaza,3537820175364055
334,Aaron,Jordan,75054 Stephen Avenue,4806549657780809
335,Winne,Ornillos,9 Brentwood Lane,3546062797289340
336,Billy,Berrey,9563 Springview Crossing,6384247331211987
337,Nealy,Monelli,9969 Bellgrove Lane,3532588269338054
338,Worthy,Itshak,35154 Hollow Ridge Road,3587681773757911
339,Cobbie,Really,922 Mendota Lane,30061732012154
340,Clive,Vany,9 Meadow Vale Alley,201537097325714
341,Berna,Arnowitz,1 Fairfield Park,6377276490214192
342,Rurik,Oulett,5654 Havey Point,56022290469865847
343,Eran,Casson,3374 Crowley Road,4508066467045993
344,Reinwald,Whordley,5389 Crownhardt Junction,4041373111871
345,Oralie,Redhole,91 Hooker Road,30095185772765
346,Stanly,Danbi,17708 Redwing Circle,5462920405310052
347,Caitlin,Trowbridge,85385 Merry Parkway,3541122603513740
348,Gradeigh,Worsom,79005 Service Court,3569306861478400
349,Raphaela,Ralphs,19 Mesta Street,50202307299146308
350,Kristofer,Thatcham,5660 Sutteridge Lane,3579316637558458
351,Kelwin,McTeggart,4629 West Road,3556404035044920
352,Gaston,Hodjetts,473 Morning Avenue,0604387421738674134
353,Connor,Petchey,49 Beilfuss Alley,3555816859371389
354,Tate,Kesley,3347 Vernon Hill,3578211817965295
355,Miguela,Lutwidge,847 Kim Lane,3588692826492645
356,Tybalt,Batistelli,00580 Mifflin Terrace,6762085130848966075
357,Gerda,De Dantesie,08587 Rowland Center,30489976599430
358,Rosina,Peplay,7 Stuart Center,3560828376578043
359,Aurlie,Jack,41 Debra Road,3538873264396396
360,Ryon,Spriggs,882 Calypso Parkway,5239936857030537
361,Billi,Crackett,824 Elgar Place,3535895460339600
362,Pavel,Wardington,320 Bashford Pass,3548780235126984
363,Britney,Cotta,16179 Stang Terrace,3551015172227725
364,Oriana,Kovalski,13595 Dapin Street,6385634598926903
365,Alberik,Brixey,977 Scofield Trail,3550583784763081
366,Gabi,Barratt,05827 Meadow Valley Parkway,3579148829304684
367,Babara,Baulcombe,3719 Muir Place,4653341081000
368,Marga,Curnucke,0811 Scoville Street,3578421242597825
369,Garvin,Gavaghan,806 Prairie Rose Avenue,4041598180931822
370,Flynn,Dyhouse,4538 Kennedy Hill,3579359196947480
371,Kevan,Causey,1626 Reinke Alley,3538730930689242
372,Gretta,Fielden,09369 Hintze Drive,3540875041002599
373,Natty,Udden,9064 Transport Lane,3536170165992528
374,Codie,Larkworthy,73713 Lien Circle,4913650308271667
375,Tammie,Ivanshintsev,2 Prentice Pass,3552350178963026
376,Cody,Laxon,2 Buena Vista Parkway,3571008331141420
377,Grayce,Bielfeld,1 Quincy Terrace,337941721244514
378,Warden,O' Dornan,25259 Bowman Pass,3583414813515527
379,Faustine,Cromleholme,6 Orin Pass,3563764040921953
380,Nyssa,Scrimgeour,4 Hollow Ridge Point,670680884671136780
381,Reeba,Davion,89 Mallory Crossing,3586447036592797
382,Ronda,Langthorn,0302 Sheridan Hill,201625226934108
383,Marissa,Philipeaux,3936 Dottie Way,3572595594010325
384,Olivette,Jursch,81 Bartillon Drive,201713953751430
385,Clint,Adran,76523 Grasskamp Trail,3534674703767906
386,Petrina,O'Neil,9256 Nobel Center,6331107052778693
387,Netta,Ellerby,358 Dakota Place,5443612718140409
388,Davy,Stallion,3256 Melby Parkway,6331103084423408
389,Harley,Nulty,1 Summer Ridge Way,3545516060803898
390,Catie,Garnsworth,9 Loftsgordon Road,63045454583670215
391,Calida,Lytle,204 Waxwing Pass,589319089634518550
392,Amye,Peert,64 Di Loreto Plaza,3569293348654102
393,Milissent,Moulin,9 Rusk Place,561043136341544403
394,Brooke,Kither,4848 1st Junction,4414856206593516
395,Sargent,Foort,805 Pond Junction,5641825191757409251
396,Melodee,Mathely,9 Sundown Circle,3577302628037746
397,Tybi,Olliar,4834 Debra Trail,3573254467005637
398,Frants,Sappell,501 Schiller Alley,3555234149651851
399,Gil,Kuban,640 Ronald Regan Avenue,6767052760246570
400,Mavis,Withey,8436 Longview Terrace,3576771692312261
401,Yorker,Croucher,45 5th Way,374288804368933
402,Gary,Brettor,02 Fisk Place,63046964731742459
403,Danika,Kempster,37390 Cambridge Center,3577688900361774
404,Jeno,Giffaut,2 Carberry Alley,5893379330128433791
405,Glen,Zukerman,00 Hanover Trail,5100133194467103
406,Mandi,Ivimey,78420 Dixon Parkway,5048377883672821
407,Forest,Dormer,1 Portage Hill,502074330765620452
408,Melvin,Baxandall,0 Hooker Hill,3567138130844951
409,Cicily,Sitch,3 Redwing Hill,6767775274580585
410,Gawain,Bonhill,069 Anzinger Junction,5602241920021715
411,Terence,Kahen,81430 Londonderry Road,6331106520207830
412,Geordie,Leteurtre,1325 Ruskin Court,3560063150713885
413,Randal,Swetenham,339 Arrowood Trail,5585756285734686
414,Seana,Egginson,30 Maple Center,374283616232617
415,Minta,Heinonen,64 Eastwood Terrace,3547470670281525
416,Rodney,Le Guin,639 Autumn Leaf Parkway,3540397478544415
417,Itch,Toon,76756 Loeprich Lane,4017958207615
418,Osbourn,Kehoe,7724 Lien Way,3581946909857315
419,Gwenneth,Vaggers,75 Talisman Parkway,3558090842369812
420,Evangelia,Derobert,35813 Mockingbird Parkway,3558262341569628
421,Shae,Audibert,131 Porter Road,3541017463282875
422,Theadora,Senton,01013 Larry Park,3583467700629488
423,Diarmid,Hackin,8838 Holy Cross Crossing,5380983056053073
424,Jayne,Strutt,96 Hayes Court,5602221017609507
425,Sinclair,Durran,6 Vidon Point,5610629677565274
426,Sampson,Pickworth,4089 Rowland Parkway,3537867784279562
427,Sharron,Lanaway,4 Miller Road,4175007698692601
428,Denny,Mylechreest,7 Hudson Road,3528394672868977
429,Millicent,Ellcock,1523 Ryan Lane,201662173510144
430,Deloris,Haslegrave,378 Eagle Crest Alley,4903182526102518
431,Cesaro,Gillespey,9 Fair Oaks Road,3536918050526060
432,De,Minero,4125 Di Loreto Park,4405143713587666
433,Bernette,Tomkys,4 Holmberg Street,5602255694547606
434,Gonzalo,Blackston,461 Morrow Alley,3544920922614496
435,Jackelyn,Ingram,6 Shopko Terrace,36973744554797
436,Norma,Cheng,69 Pond Park,3589901475630861
437,Jobina,MacConnell,658 Karstens Alley,3563655812208548
438,Harley,Faint,81 Crest Line Parkway,675925430000841668
439,Braden,Gadman,91439 Farragut Parkway,0604714800379759938
440,Jacquelynn,Chevis,036 Butternut Pass,633322275620096369
441,Hastings,Cromley,2738 Grayhawk Alley,4026489595947695
442,Donalt,Maharg,84 Calypso Junction,4041591351556
443,Tommy,Manning,92 Miller Drive,30157627289939
444,Ilise,Colly,61 Washington Lane,5602210058474517
445,Gayel,Gordge,6 Hanson Street,6759423723894824
446,Anita,Fairpool,8 Heath Center,3583739980093639
447,Dal,Van der Linde,63 Norway Maple Lane,5010124795974950
448,Domeniga,Peasegod,536 Fulton Park,56022500622265788
449,Christy,Wanklyn,53119 Ramsey Court,5602236032646912
450,Donnie,Armatidge,681 Village Green Court,5474545445700305
451,Jameson,Waistall,18 Lotheville Lane,3548289482969476
452,Rhodia,Caddies,04478 Daystar Alley,3567926032767407
453,Rici,Van Velden,32073 Mosinee Way,3562279493779361
454,Dulcie,Wiltshire,94 Loomis Way,3574732319198253
455,Fernande,Viel,99 Ludington Terrace,6331101126087274092
456,Alic,Skudder,7436 Schlimgen Street,4175008922520998
457,Gallagher,Dilgarno,6799 Caliangt Court,4405950978213584
458,Judith,Dallimare,572 Mcguire Park,4917780934461055
459,Fabio,Tonks,924 Ohio Court,5602255327171089
460,Dodi,Barkly,248 Rowland Court,5602237346792020
461,Arnoldo,Viner,65345 Jackson Trail,3534757649236415
462,Beryl,Abramowitz,999 Hovde Lane,3566061449689902
463,Bryn,Ottosen,2709 Marcy Road,3567087345021014
464,Kristoforo,Marqyes,8933 Farwell Drive,201722632747727
465,Gabey,Minall,19 Monterey Pass,4672684868401
466,Danie,Loughren,49470 Westerfield Way,3543203109374734
467,Nels,Percy,75306 Corben Place,3534383100966398
468,Wanda,Skule,6 Linden Pass,5602243591112328
469,Barbey,Espinha,248 Columbus Alley,3532676866488636
470,Brook,Hryncewicz,98 American Ash Street,5205765407291061
471,Diann,Adamczewski,7 Merry Crossing,4844460578104380
472,Ronny,McGarrie,7 Birchwood Plaza,201534209451173
473,Sena,Hercules,36579 Bayside Avenue,3540794516489761
474,Clem,Wyche,03934 Elka Park,63048194548575987
475,Cort,Willimont,78933 Rockefeller Pass,3538038481246069
476,Joshua,Ugoni,96 Porter Way,3569636493589228
477,Gill,Woolard,413 Golden Leaf Drive,5007660374051384
478,Gran,Olifaunt,22 Fremont Street,6333411970815795
479,Rubetta,Garrick,8 Alpine Place,3576321938215504
480,Lynnette,Geaveny,168 Magdeline Plaza,4911326915165967670
481,Maria,Kedward,17809 Messerschmidt Point,30568400294435
482,Cori,Lindhe,2 Michigan Way,560221873170531830
483,Linnet,Klimontovich,78476 Buhler Lane,3582295324796891
484,Andreas,Tanser,42607 Straubel Plaza,377558246835914
485,Haily,Ludee,982 Spohn Hill,6331105792210316
486,Ivy,Iacomi,06 Namekagon Street,5602258972052265
487,Igor,Iorizzi,1268 Reindahl Road,4917760516637389
488,Arliene,Negro,500 Westend Circle,3539022074746940
489,Ezechiel,McGahey,71183 Pennsylvania Lane,5602221706313992516
490,Emmi,Cona,30760 Fisk Avenue,3554651328562750
491,Carita,Meins,088 Johnson Drive,4911051315105455822
492,Rachael,Bilston,7 Rowland Park,201998871011963
493,Fredelia,Tinsey,49 Northfield Avenue,3563960322878024
494,Florette,Leivers,95189 Warbler Lane,6377160416789992
495,Morgan,Schiell,98 Novick Center,5100132432345717
496,Greta,Fusedale,71 Superior Pass,3531931544383555
497,Pris,Rennard,3389 Victoria Terrace,3528686140335988
498,Rebbecca,Buse,356 Commercial Court,5567371909895822
499,Carlo,Crafts,2 Elmside Terrace,3545172843389928
500,Clair,Tours,58784 Lakeland Terrace,3550590674854763
501,Tootsie,Utridge,4 Lukken Terrace,3538187596681064
502,Sonnie,Castanos,10 East Junction,5602243506505681
503,Andy,Chadwin,804 Quincy Street,3557680468078043
504,Lancelot,Spykings,9 Johnson Street,4017954963906
505,Kennett,MacKettrick,641 Maryland Drive,30255507643298
506,Domini,Dubber,2316 Ruskin Parkway,30437576089963
507,Rod,Bartleet,76 Jenna Hill,3535672583171198
508,Jandy,Rudderham,035 Burning Wood Trail,3561214134598392
509,Enid,Rogerson,7900 Hauk Circle,5893144013422726607
510,Pacorro,McCosh,51 Lawn Junction,3533807603591726
511,Mandie,Scammonden,4 Huxley Avenue,4026173438094002
512,Steve,Brisbane,4666 Dottie Hill,4041375443579
513,Latisha,Charity,93417 Granby Crossing,503804407064226580
514,Gretna,Gundry,48 Parkside Crossing,3547138038267920
515,West,Gluyas,32149 Loftsgordon Trail,5010120133625692
516,Jena,Lascell,8227 High Crossing Center,201449465363915
517,Mordy,Maroney,98969 Stuart Street,30398527389557
518,Naoma,Mitkcov,04 Holmberg Circle,4405225227067424
519,Bibi,Stenners,161 Kropf Pass,3583279532886271
520,Reinaldo,Fittall,05 Towne Terrace,3556985234464257
521,Gage,Byas,32760 Waubesa Avenue,3559088017960398
522,Katuscha,Lawty,0 Schiller Trail,6767412843992679913
523,Paulette,Ronchka,4 Tennessee Plaza,4905165708988631664
524,Garrett,Feuell,955 New Castle Terrace,3548457994902836
525,Edyth,Nairns,2 Iowa Pass,633386960677904846
526,Marjy,Halfhead,9 Arrowood Alley,564182089341883070
527,Hilary,Gaven,3 Derek Pass,3532921588306967
528,Bianka,Tunmore,19 Fairfield Center,3556085578143276
529,Debee,Klammt,0645 Johnson Circle,490560390876896523
530,Esme,Culpen,68 Harbort Court,3579605857236757
531,Jobyna,Frowd,3 Sherman Road,4017951101794383
532,Almeria,Goseling,1 Kropf Crossing,5048377406085758
533,Julita,Ashcroft,97740 Cottonwood Parkway,3572777104498881
534,Ivett,McMurraya,7029 Kropf Road,67714136126236163
535,Madella,Macbane,6918 Aberg Place,5610329549359457
536,Charis,Ridding,8611 Forest Dale Junction,3585219606889015
537,Alayne,Shenfish,9576 Kings Way,4175006889031769
538,Doralin,Dows,25 Comanche Plaza,3532953709257332
539,Francine,Dyett,05 Hovde Court,201543479589810
540,Harbert,Kearton,0 Arrowood Trail,3589032130737881
541,Kip,Kenlin,9389 Carey Crossing,4175004234239096
542,Hedwiga,Flowitt,6023 Kipling Lane,3566573845241104
543,Miguela,Rossant,6 Delaware Junction,4175005569647274
544,Maryrose,Marke,309 Chive Junction,5357608657718498
545,Sydney,Fettes,93126 Myrtle Parkway,4041378103733
546,Therese,Weston,8 Hansons Plaza,67626313076131820
547,Obidiah,Aldrin,0400 Pine View Road,5007663223013241
548,Tanitansy,De Rye Barrett,2231 Southridge Drive,3580229874571141
549,Lek,Brosoli,6657 Marcy Way,372301448587461
550,Valentine,Casiroli,293 Shopko Plaza,3545332862567107
551,Celestina,McLagan,4 Goodland Alley,5602242524818449
552,Laughton,Soppeth,87389 South Plaza,3547696271209503
553,Constantin,Fielder,67621 Moland Park,3536507907964929
554,Timothea,Skrzynski,44 Clove Plaza,3537857025195560
555,Egbert,Ritter,2 Lillian Court,3544785184961566
556,Olvan,Antognelli,25059 Judy Street,5235579222385394
557,Warde,Monckman,73370 Huxley Circle,5379332796285228
558,Peg,Myhill,7 Hoffman Junction,3537330956263773
559,Garrett,Dowd,454 Brickson Park Point,06041191558553306
560,Blair,Follows,0420 Crowley Avenue,3589473478427653
561,Janel,Hemmingway,29 Magdeline Crossing,376494122070759
562,Angela,Mathonnet,28 Bluejay Circle,5602232566222568
563,Davey,Grandisson,07 Blue Bill Park Avenue,3546925955627230
564,Marmaduke,Venediktov,9870 Hayes Place,4041372544312
565,Lilith,Chalfain,3872 Texas Terrace,50184756666876065
566,Shirlee,Mumm,50056 Prairie Rose Parkway,4903872124116692
567,Jacinda,Dinjes,9 Petterle Trail,3589084187973794
568,Dale,Sterrie,3567 Mcguire Crossing,5602229740504150
569,Timmi,Zimmerman,29 Acker Junction,4917372773905119
570,Oralee,McCuthais,4246 Paget Circle,5100171795285789
571,Mata,Pimlott,7 Eagan Street,4913582728492302
572,Jarrett,McKniely,72 Glacier Hill Terrace,3571227084200775
573,Ripley,Yitzhakov,500 Evergreen Street,36641476064414
574,Christy,Goodlip,77062 Kropf Point,3550715535067277
575,Sheffield,Aery,8874 Golden Leaf Drive,5100131598035187
576,Lorri,Gunnell,8946 Dexter Junction,4041591775093280
577,Debi,Bartocci,8 Dorton Pass,349051762067489
578,Jeremie,Warin,563 Vermont Pass,3553451522205533
579,Darin,Toma,389 Westend Park,3547353583913329
580,Heda,Truss,1562 Crownhardt Parkway,6709996948625025
581,Brooke,Templeman,7 Cherokee Pass,3567367278577566
582,Sully,Graveston,2 Harbort Circle,3535605163974862
583,Audrie,Handasyde,3612 Hoffman Trail,3584611008052104
584,Freeland,Dunster,97 Dapin Point,6759156040710956932
585,Ilyssa,Simnell,00 High Crossing Center,5602222662998062
586,Phillie,Pabst,974 Pepper Wood Drive,3542333940854205
587,Bronson,Humbee,34921 Clove Point,3569184718579229
588,Edouard,Itschakov,4978 Pankratz Hill,3569268279576565
589,Brant,Daintith,5 Blaine Road,3565894780182314
590,Gabi,Le Teve,940 Becker Terrace,3589572189948053
591,Rayner,Buesnel,87601 Melody Trail,3582922582353756
592,Robby,Adam,50320 Dexter Park,06040960065945069
593,Cecilio,Portsmouth,07 Center Way,4903104312965588945
594,Reg,Drance,226 Nova Lane,30379826323513
595,Domenico,Melluish,68464 La Follette Alley,589308836362615013
596,Avrit,Duggan,2866 Hagan Pass,6763225771999536
597,Burg,Larne,232 Stone Corner Street,3581170744433584
598,Vicki,Dimnage,58 Carberry Drive,5100147266350021
599,Melisandra,Heakins,5388 Monument Terrace,676723244070455131
600,Morissa,Tomkys,0117 Quincy Lane,5602238413236784
601,Reid,Harbor,304 Loftsgordon Parkway,3575518762422608
602,Johnathon,Devers,90 Linden Street,30080376152936
603,Hastie,Managh,394 Main Junction,201783448068260
604,Dexter,Shorland,93 Sachs Circle,3563248402963555
605,Tabbatha,Withull,93079 Sutteridge Drive,3544150432317881
606,Verina,Blodgett,4487 Grasskamp Terrace,4017956851625315
607,Sancho,Gamell,4336 Clarendon Lane,5247359671104513
608,Dodi,Meake,8 Straubel Avenue,6333523927535910
609,Schuyler,Camden,41 Monica Park,6376227504969744
610,Ebba,Decaze,62 Pennsylvania Trail,3583814062215754
611,Desiri,Bowkley,0525 Del Sol Avenue,3563514724061208
612,Lizzie,Jemmison,91 Russell Way,5048377585296473
613,Ainsley,Kinchin,59723 Talisman Point,4905884768659489
614,Desmond,Gambrell,82 Hermina Parkway,30530637881087
615,Ilysa,Newberry,2682 Larry Street,3556606252799321
616,Rafa,Lethbridge,6 Duke Drive,5538900657069317
617,Tana,Albro,4 Colorado Hill,3583060815699296
618,Ethelda,Kemitt,9830 Anzinger Plaza,36860030819721
619,Wilmar,Vaudrey,0679 Michigan Drive,201833682460655
620,Perice,McGinny,18030 Myrtle Point,201736875300929
621,Karie,Farrey,061 South Junction,5602245834577235968
622,Waneta,Sutherland,537 Glendale Terrace,5893092450685843
623,Lucille,Garnsey,707 Prairieview Parkway,5525547546994406
624,Adeline,Pote,0 Morningstar Terrace,5300643725514700
625,Ginnie,Gardiner,1936 Express Center,372000268893450
626,Bron,Eakle,11 Mayfield Street,30157640892016
627,Car,Ferrierio,27010 Manley Place,3573512704964357
628,Gardie,Knifton,5328 North Street,3573715752913503
629,Bing,Davley,22 Ridgeway Plaza,36194953523130
630,Amelia,Arr,4 Nevada Plaza,3534532725089339
631,Russell,Oakenfull,2 Hallows Street,3528475936008227
632,Felicle,Vela,12140 Corry Center,4041593106465773
633,Marsha,Ennew,7 American Trail,5602238871953192529
634,Sheelah,Bubeer,5 Morrow Circle,4917431965344980
635,Colver,Pescud,065 Lien Circle,5108753686720982
636,Camey,McGuigan,23927 Homewood Pass,560225372596737317
637,Joyce,Simanek,14436 Daystar Street,3545560905814942
638,Dolores,Baunton,05 Farmco Center,4903695230656638743
639,Monique,Claxson,86 Briar Crest Place,374283477644736
640,Adena,Tipple,4 Parkside Pass,5100149343822691
641,Egon,Acklands,715 Ohio Point,6763732556141960
642,Carie,Beacon,1748 Vidon Drive,4307016557964317
643,Sela,Iremonger,1988 Corry Crossing,3578172478202719
644,Daffie,Tankus,98485 Sunnyside Plaza,589301601272177919
645,Keriann,Vann,9 Derek Lane,5602224666073357036
646,Jeannine,Brockelsby,18 Summit Plaza,5002353833828510
647,Chalmers,Culkin,46238 Butternut Avenue,3572611633781741
648,Sharl,Barock,570 Gateway Terrace,3572138062777537
649,Ines,Wooster,5 Harbort Hill,6762639235555018
650,Rutter,Silverston,85 Del Sol Road,3583120237434019
651,Desmund,Bulbeck,388 Judy Plaza,201752669630876
652,Derrick,Fernez,9 Kingsford Trail,670656766905020981
653,Katya,De Michetti,11 Novick Terrace,5417940743408588
654,Danella,Hrinishin,581 Stoughton Plaza,30268914015232
655,Alon,McCurley,2 Talmadge Parkway,201578338247937
656,Ingrid,Longhi,9779 Golf Course Plaza,3568755070409054
657,Rockie,Jales,3 Thompson Parkway,560221861232515545
658,Sumner,Dorkens,99532 Hanson Street,4508707365006377
659,Winthrop,Kovacs,787 Village Trail,4508047623581469
660,Liane,Vasyunin,631 Mockingbird Point,3531162207265315
661,Jaclyn,Jannex,28844 Acker Center,4936965033295804
662,Cristen,Lewsley,0 Badeau Parkway,503835449823277366
663,Jody,Skoggins,2 Park Meadow Pass,3532283317586967
664,Marna,Hazlehurst,88939 Park Meadow Crossing,372301691642435
665,Almeta,Di Giorgio,0626 Green Ridge Circle,6759669032774272553
666,Sarah,Hanshaw,5323 Corscot Road,3531370117077049
667,Lebbie,Barette,1 Cottonwood Street,201435237308841
668,Jacquie,Grinter,6391 Merchant Street,6392896286885730
669,Darya,MacCallister,45 Debs Crossing,5048372741235606
670,Lorin,Quest,91 Tennyson Lane,337941006950496
671,Rosella,Hedgeman,053 Eagan Center,3538927079827662
672,Davide,Pourveer,35 Lawn Road,6377256800807182
673,Myrvyn,Loadwick,2157 Center Alley,5641826516715485135
674,Hansiain,Tarbet,28541 Golf Circle,4175009524857952
675,Wallis,Lewerenz,96399 Butternut Plaza,201634902886939
676,Herculie,Cristoferi,269 Macpherson Terrace,3568675525567696
677,Gertrud,Southam,0 Starling Hill,3555536873061861
678,Cherri,Matuska,4085 Havey Parkway,3569741208382180
679,Coop,Huxster,9 Lakewood Terrace,374288361388829
680,Tish,Dulake,9120 Manley Junction,5602221647308496
681,Bonnie,Belton,044 Meadow Ridge Place,6334283456094891
682,Sadye,Fellgatt,96972 Delladonna Avenue,490542843678289324
683,Joshia,Jaffrey,521 Banding Way,4175005304263171
684,Kathye,Ghilks,0 Holy Cross Court,3563933988810615
685,Gawain,Ciccotto,1 Mccormick Plaza,349147709301385
686,Marylin,Desquesnes,3 Westridge Junction,3576783577403511
687,Alexander,Sawers,8 Hazelcrest Lane,3569653229638989
688,Bryn,Scamadin,105 Meadow Vale Lane,56022361962036630
689,Carina,Aslin,10792 Hauk Alley,30258943461515
690,Edward,Georgi,9 Luster Way,4017951873884
691,Olive,Engelmann,9 Butterfield Alley,56022402425924242
692,Harwilll,Poleye,020 Huxley Center,56022322964172005
693,Chariot,Owtram,9756 Northridge Lane,3560667625448404
694,Trescha,Morecombe,78 Laurel Court,5038546162028507
695,Bethanne,Scholefield,91 Westerfield Park,5481140759872154
696,Sherwin,Balwin,72368 Lighthouse Bay Parkway,4903057076670816589
697,Bondon,Shawell,007 Graedel Place,3580629861542478
698,Janean,McCarlich,8588 Monument Pass,3541039016545590
699,Lars,Louys,6 Oriole Street,3534338742976148
700,Rodina,Dunderdale,401 Daystar Drive,5594207851967028
701,Hiram,Papaminas,6023 Southridge Avenue,3538330913542425
702,Elsworth,Bonar,07 Knutson Center,5435726849243328
703,Issi,Bourner,8 John Wall Center,374283853057842
704,Nathaniel,Kimmince,79342 Michigan Parkway,374283387111255
705,Shurwood,Bulfoy,7 Saint Paul Pass,5602243093145610
706,Keely,Butterfill,1 Manufacturers Center,4026640490545154
707,Aluin,Coogan,27 Brickson Park Road,3576826797154024
708,Bren,Joncic,82119 Paget Pass,4917441246734453
709,Frederich,Gothard,40073 Stone Corner Lane,3540078448563400
710,Kurtis,Petrovic,0191 Merchant Hill,3533551859049233
711,Miner,Swinden,672 Drewry Hill,3589901160030468
712,Prudence,Grotty,49269 Grover Road,6771346727719305
713,Gottfried,Harberer,844 4th Center,5602232430318600
714,Dacy,Gooch,624 Cottonwood Street,4405540097314122
715,Issie,Sjollema,9 Delladonna Circle,5602210218373542
716,Cristiano,Dines,00 Troy Terrace,344794033516728
717,Sharia,Sandercock,69 Springs Circle,3584503993776328
718,Carmon,Okell,7720 Kim Avenue,5002352154563037
719,Wallie,Mapston,68 Homewood Avenue,4041378793889
720,Port,Briscow,76 Katie Crossing,5048376107593565
721,Caron,Goode,2927 Banding Pass,5100138821078579
722,Julie,McFetrich,8 2nd Plaza,3565979732109299
723,Daphene,Itscowicz,0 Hayes Pass,675957490207327425
724,Francisco,Stile,85315 Bobwhite Plaza,201553074375473
725,Rodrick,Hunnicot,3802 Dennis Lane,4936132005487422694
726,Penelope,Cristofvao,9973 Donald Parkway,201452230805087
727,Halley,Petrashkov,02141 Stephen Place,6331107263178241419
728,Jase,Febre,5552 Ilene Point,6763820378788123367
729,Gabi,Mollnar,464 Canary Junction,337941126598076
730,Cornell,Crawford,015 Emmet Parkway,201559052074111
731,Amalita,Uzielli,17 Anniversary Avenue,5569635753223028
732,Keri,Jinkins,29442 Manitowish Terrace,3547400846364376
733,Elroy,Santos,42578 Lakeland Trail,3560520881344520
734,Amelina,Aimer,50 Susan Parkway,3546733035113308
735,Alane,Aisthorpe,39 3rd Crossing,560223034348513394
736,Garvey,Freeman,0 Moland Street,372301470366123
737,Mariska,Vankov,05 Kropf Way,3541053228706858
738,Nicolais,Purnell,586 Forest Run Lane,4913560295351952
739,Lois,Greneham,4 Montana Alley,4917291014431497
740,Maxwell,Wrist,4 3rd Hill,3541237872521578
741,Davy,Warby,63 Eagan Street,337941884135608
742,Bree,Jopp,41469 Maple Point,3561196058017519
743,Levey,Seedhouse,3363 Monica Crossing,5893159254789755654
744,Gavan,Fairburn,3972 Cherokee Hill,3532829759613444
745,Roslyn,Veasey,129 Maywood Plaza,6762649349013646309
746,Vanni,Waplington,5 Green Ridge Crossing,3555717138293305
747,Helyn,Brewers,5 2nd Place,3544774358946470
748,Willy,Sends,826 Kipling Trail,3555990221005460
749,Adamo,Le Galle,0715 David Street,4911574741489705052
750,Jeanelle,O' Dornan,71544 Petterle Pass,374703810274230
751,Weylin,Josselsohn,3 Holmberg Junction,676244226849415140
752,Wini,Rawlence,25208 Mcbride Way,4905447170777578
753,Sven,Gimber,5 Caliangt Trail,3582980256019509
754,Ranice,Yallop,5793 Bunker Hill Street,4903678241327148146
755,Atlanta,Lonsdale,4 Farragut Parkway,3586395289227969
756,Hilly,Trayhorn,831 Sachs Parkway,3559902877437208
757,Job,Thoresbie,1 Glacier Hill Way,372301273963795
758,Tobe,Barns,54005 Northport Trail,5010124641612325
759,Johnnie,Mcwhinnie,66654 Huxley Way,374622439781880
760,Angeli,Prosch,0102 Sycamore Circle,67067745236393699
761,Felicio,Fearnyhough,85 Esch Pass,3582164420540175
762,Filbert,Naughton,13723 Hazelcrest Street,3572465720247839
763,Hurley,Boldock,8 Fairview Court,3528418652868150
764,Nichol,Hammerman,0490 Schurz Street,3557081523748656
765,Clio,Forsard,96189 Stang Road,3532646261100094
766,Cris,Bartul,7 Ridgeview Pass,4936053308637133749
767,Florina,Duckerin,27201 Center Plaza,4903216948072659
768,Garth,Goudard,20 Westerfield Circle,5602227067642025
769,Juditha,Allmen,2871 Golf Course Road,3580594980878114
770,Cilka,Schole,9 Jackson Point,5431716083389758
771,Preston,Van Dale,8 Dexter Lane,3536971596771898
772,Roselin,Selborne,93009 Lien Terrace,3546173607548567
773,Tadeo,Chalkly,20 Lakewood Gardens Trail,564182151819267754
774,Vallie,Armatys,024 8th Way,3572751465942985
775,Alisun,Jarlmann,6 Lakeland Pass,4405601363611417
776,Moyra,Sloat,2 Banding Circle,4936240541128727
777,Jess,Blasli,7 8th Way,3586863383738876
778,Conn,Alebrooke,544 Reindahl Lane,201558664306044
779,Marti,Beardwood,35 Barby Parkway,491159507052533951
780,Moore,Jirus,97968 Namekagon Drive,3552219624767564
781,Monika,Domeney,76 Hayes Court,6762847307221988525
782,Alejandro,Eusden,3 Hoard Parkway,3570277577761834
783,Obediah,Tennewell,1 Loeprich Place,201403686071518
784,L;urette,O' Hogan,49556 Dixon Center,337941153426860
785,Tobie,Maddams,46994 Miller Drive,3564555640012915
786,Mora,Brumby,92 1st Point,30175681385120
787,Issiah,Pullan,8066 Warner Park,6759371176404122
788,Malachi,Sparshutt,0946 Kedzie Alley,3555740710471917
789,Megan,Calender,3 Hoepker Point,3575481515483924
790,Nikolos,Hessing,666 Tennessee Court,4026261933828196
791,Pepillo,Ridout,542 Sauthoff Drive,060436320337984447
792,Ame,Barlthrop,46 Jenifer Trail,4041592184634
793,Saunderson,Yakunin,8938 4th Road,3536193027339118
794,Mar,Cordelet,1 Oneill Terrace,4844125524575153
795,Ruggiero,Manifield,189 Bartelt Hill,670609664481568812
796,Trevor,Surgeoner,4 Colorado Lane,3574163433241649
797,Katharina,Annott,23154 Ridgeview Park,3536753924882187
798,Zelda,Checci,0827 Kings Trail,56022441554479305
799,Brenn,Comberbeach,07 Stang Way,30453964360353
800,Tim,Kulicke,65 Elgar Lane,6771817265777739642
801,Krishnah,Combe,3693 Springs Center,5602237124141176
802,Josselyn,Sellor,665 Spohn Street,3543206116864191
803,Daryle,MacTavish,04 Hallows Hill,3528486937661914
804,Allin,Moine,268 5th Trail,3536284549912456
805,Shanan,Rosenstiel,890 Oneill Pass,3544909432929478
806,Alexina,Dziwisz,01 Forest Run Hill,3561094794969939
807,Doro,Retchless,6102 Truax Way,377584769353374
808,Herbie,Dubarry,8274 Everett Street,5552194089078846
809,Heindrick,Khrishtafovich,979 High Crossing Court,3564450275918349
810,Jesus,Petigrew,34040 1st Hill,4026760515170208
811,Fergus,Woodworth,3 Knutson Trail,493608528871307420
812,Ardith,Mountcastle,557 Buhler Park,3560139329024006
813,Ophelie,Ebrall,132 Pearson Park,4844406621878819
814,Magdalene,Sturm,0 Straubel Trail,3543688659977664
815,Norri,Veldman,3 Dwight Center,56022302927602041
816,Stan,Alders,315 Sullivan Center,5610390429370360
817,Audry,Tweedy,983 Almo Street,201970950431826
818,Meir,Arnaldo,372 Erie Junction,3537834136261623
819,Shoshana,Bartleet,7 Badeau Avenue,4903748105107201407
820,Urson,Garred,3 Fuller Center,5018413848423939
821,Jerry,Bohan,6813 Butternut Point,6331105287587020
822,Rosaleen,Norgan,2 Lakeland Court,4508654777716229
823,Davita,Rhymes,67 Sage Trail,5602222194606159
824,Karena,d' Eye,079 Anderson Crossing,3581476920345660
825,Hi,Szanto,1 Main Street,337941362372749
826,Dynah,Galea,09 Tennyson Court,3546979842498321
827,Jed,Garnsey,44302 Morning Point,30288698367781
828,Selia,Telfer,8076 Moland Terrace,36421827871472
829,Josephina,Bernhardsson,471 Garrison Terrace,337941114469959
830,Hill,Duigenan,0 John Wall Pass,3581519709167217
831,Katheryn,Wrate,3312 Wayridge Place,3537051626618218
832,Hallie,Quipp,53279 Eagan Parkway,633110884638601346
833,Wren,Driver,99 Lawn Parkway,4844348512245569
834,Andreana,Fogarty,7 Springview Alley,374288597381200
835,Mignonne,Leggitt,421 Melrose Drive,372301654079351
836,Yoshi,Raspison,6 Lerdahl Pass,4905203176987699
837,Albie,Cavendish,587 Nelson Crossing,3548599481268690
838,De,Yashanov,61 Petterle Pass,5048373621958580
839,Maye,Station,7 Maryland Center,3576598483224565
840,Maurene,Patzelt,7927 North Crossing,30224882083363
841,Charlie,Amiable,494 Cordelia Junction,5466929377538851
842,Kermy,Fernan,54 Autumn Leaf Parkway,3545982686837480
843,Pinchas,Lory,99 Waywood Court,3556945875014407
844,Elmore,Churchard,3 Gateway Pass,201453940072604
845,Franny,McAline,855 Larry Trail,3530668690865289
846,Diane-marie,Spurdens,22849 Mallard Lane,56022563826939251
847,Zaccaria,Lenglet,04760 Kropf Avenue,343669055664351
848,Dante,Searston,984 Forest Crossing,30480778665164
849,Thomasina,Buchett,69 Mendota Place,30522785730505
850,Clarke,Tweedell,84922 Leroy Center,56022333871340833
851,Guss,Noller,91522 Shelley Park,3542861267219735
852,Dre,MacGuffie,6 Holy Cross Lane,4041377079770900
853,Nickola,Bounds,4817 Donald Trail,3585091551956358
854,Artemas,Breeder,15124 Arapahoe Terrace,4844602542054775
855,Cleon,Eytel,958 Norway Maple Street,5475558152211951
856,Windy,Allkins,7902 Village Green Pass,201710160157971
857,Rycca,Kirrens,414 Hazelcrest Parkway,6771418387462557
858,Liesa,Pundy,6139 Rusk Trail,5167424472911940
859,Janeen,Hinzer,054 Evergreen Center,3560003986533958
860,Valle,Swinyard,4345 Delaware Drive,6385323664911144
861,Carolan,Olivie,3 Susan Avenue,5593372044756489
862,Sandy,Twigg,1 Arrowood Center,3581342599102545
863,Min,Swindlehurst,25 Lake View Junction,3533581944822922
864,Valentino,O'Halligan,680 Butterfield Plaza,3553287663078374
865,Enrique,Rutty,80381 Cody Park,6771568884102112
866,Sofia,Martini,2 Carey Parkway,3584291545235049
867,Stoddard,Beauvais,4 Emmet Street,201744659168223
868,Lydon,Roddick,338 Arrowood Drive,5602245353291752
869,Freddie,Turbayne,544 Longview Terrace,36552799463185
870,Vevay,Silley,1723 Alpine Park,4017953642419199
871,Brittni,Gouldstraw,9 Ramsey Avenue,5602231080492897
872,Pate,Boutellier,8 Ohio Park,3538999808034589
873,Natalina,Vannini,17160 Melody Trail,3587978017859275
874,Carmel,Deaville,136 American Ash Center,3581350753452762
875,Lexis,Dagleas,84 Oak Lane,3578286002087592
876,Terencio,Grew,8244 Meadow Ridge Crossing,3536586862755571
877,Robenia,Wolver,4 Park Meadow Drive,3560756146357986
878,Gran,Boustred,6769 Shopko Circle,3535298192041281
879,Cindelyn,Ochterlony,01695 Grover Street,3552949956396091
880,Rozanne,Harston,91 Longview Junction,3558698352628771
881,Kris,Bissell,434 Green Ridge Pass,491195513869939957
882,Laurel,Coleyshaw,3256 Kings Avenue,3535014500460943
883,Tyrone,De Blasi,65 Daystar Crossing,3575651410803752
884,Karlotte,Malsher,23255 West Lane,3588440655338343
885,Leif,Morton,618 Grayhawk Junction,3543185130429472
886,Amelita,Lundbech,1749 Fieldstone Terrace,3569619267505638
887,Gardner,Bickers,58 Charing Cross Court,5002350487807998
888,Catharina,Vitte,8634 Cambridge Crossing,675955987890383823
889,Eldin,Ginie,5 Weeping Birch Trail,5155161154685905
890,Jada,Wincom,1730 Moose Crossing,060405472000428157
891,Tove,Spellacey,987 Banding Junction,201582126771793
892,Gloriana,Broadhurst,93353 Anderson Alley,6762576025638226
893,Emalia,Janny,6 Old Shore Place,3578580762318811
894,Raff,Coping,62 Debs Street,3577727349563655
895,Stevana,Mullis,38733 Memorial Junction,5135730283097201
896,Livy,Pearson,98929 Debs Point,4041374300038629
897,Nelie,Cassells,35550 Union Avenue,3577826127345424
898,Yancy,Cottisford,005 Pine View Street,3579734932130650
899,Terra,Wincott,889 Evergreen Way,6304878857541261
900,Merle,Yeatman,1 Paget Park,6771191878464765690
901,Gawain,Thursby,668 Farragut Avenue,3556961025884243
902,Neron,O'Kenny,5457 Calypso Pass,3571126640650483
903,Cristobal,Cockill,2 Carioca Street,3554462400818098
904,Bren,Marvelley,690 Mcbride Crossing,4911340205896376
905,Coraline,Pennings,80530 Rowland Road,6761079806129656
906,Killie,Nuttey,234 Chive Way,589325898757540098
907,Cam,Bewlay,87524 Utah Way,56102896726648835
908,Kiele,Bristoe,28 Nelson Terrace,30146162279652
909,Kari,Seignior,85 Schurz Point,3537473321531597
910,Fannie,Fydo,3 Golden Leaf Avenue,4041593389984
911,Ania,Kernermann,3309 Brown Plaza,374622175710119
912,Skipton,Hawket,3 Tennessee Street,5100179411097157
913,Hi,Gerrey,80 Lunder Plaza,5602234448823019
914,Jacklyn,Doyley,99 Dorton Street,4017956706003940
915,Crysta,McIlvaney,80 Tennyson Drive,3560101183016320
916,Elene,Bohling,034 Boyd Lane,490535007706595107
917,Dukie,Ickovitz,08 American Ash Center,3541639246254184
918,Mortimer,Gidden,16684 Cardinal Plaza,67592111633652365
919,Willamina,Hayley,84 Tennyson Way,4911878092796498
920,Heinrik,Augustine,3560 Heffernan Street,5007662444706468
921,Serge,Jennions,85366 Lighthouse Bay Crossing,5602241314394603
922,Martha,Twinbourne,404 Hollow Ridge Court,4911563617484263
923,Waring,Rangeley,2896 Lakeland Park,3574303080356320
924,Melantha,Jirek,6 Dwight Lane,56022442441836277
925,Armstrong,Orrocks,95867 Fairview Trail,30553837384876
926,Juliane,Guilloton,2 Melody Court,5108750519524912
927,Indira,Beedie,4 Dakota Trail,3563833623193304
928,Jayme,Priddis,58 Burrows Pass,3550786581071059
929,Erinna,Perryn,15586 Bultman Trail,5610042615798758039
930,Freddy,Garrit,0724 Kenwood Lane,3564296008048064
931,Carny,Kiehnlt,918 Muir Hill,5100172570112156
932,Frances,Fifield,0 Graedel Hill,4844859097426036
933,Reynold,Rheaume,545 Union Pass,3561743014992465
934,Edan,Fulk,36 Corscot Court,5129915228397992
935,Maire,Callis,458 Eagle Crest Alley,4917778192666464
936,Carly,Ditchburn,12181 Southridge Drive,3557880787788211
937,Robinet,Slainey,370 Shoshone Plaza,4913384642552927
938,Nathaniel,Banasiak,0990 Kingsford Drive,4911864222246237696
939,Florance,Prudham,4 Corben Pass,30229842495920
940,Matthias,Bowdidge,10729 Corben Road,3548349179073402
941,Marsha,Moscon,03856 Morningstar Terrace,3560412184985086
942,Tomlin,Mattingly,60601 Johnson Way,3583425405654318
943,Freeman,Dunlop,42 Meadow Valley Road,670641044640077700
944,Enrica,Crathern,538 Corben Circle,3582556911849850
945,Antonella,Janic,61 Old Shore Circle,5007660591096030
946,Goldie,Dodds,23 Warner Avenue,630491366164467867
947,Rex,Sale,9 Amoth Road,3539492366785585
948,Jamey,Josefer,47299 Dryden Crossing,5416133948680331
949,Bertrand,Lines,355 Eagan Court,67065353836958490
950,Mirabel,O'Neill,9 Clove Terrace,5602247054548233
951,Kelwin,Guichard,2 Larry Avenue,56108581661864530
952,Miltie,Girardet,63 Ridgeway Road,5602215035358915
953,Daven,Praten,4558 Northwestern Circle,3554012025213462
954,Guy,Steagall,8 7th Place,6373344084915352
955,Gibbie,Torre,69 Maple Circle,3581036739945108
956,Hansiain,Lorraine,502 Warbler Road,6767262948759101
957,Nanci,Jonson,95 Carioca Junction,3588803581820884
958,Tate,Pyne,3503 Reinke Pass,3562968551011911
959,Sherlock,Cullinane,61 Hanson Place,5108753224210876
960,Shaun,Kitchenman,0274 Hazelcrest Drive,3572657285845599
961,Kalli,Berzin,29601 American Ash Court,4913773787178995
962,Seward,Flagg,145 Raven Parkway,6762463207339081
963,Modestia,Grebert,7 Old Gate Junction,374622943917624
964,Vernice,Hindenberger,35 Claremont Circle,30408240051317
965,Jeanelle,Eickhoff,3 Duke Road,3555927918459535
966,Asher,Witcomb,19 Stoughton Road,372764160599677
967,Igor,Ferebee,4 Banding Lane,3533900361801245
968,Ingra,Bridewell,295 Scott Road,4508289601281023
969,Grover,Mordacai,82 Gulseth Circle,30432694256446
970,Adriena,Grigg,59700 Kedzie Crossing,3542956081250302
971,Sheridan,MacColl,9 Drewry Crossing,201661592491852
972,Sarine,Tilsley,01 Goodland Drive,6304006674010621
973,Elita,Swatheridge,7616 Magdeline Drive,3560647752815971
974,Fidole,Favel,4 Charing Cross Avenue,3538945043366153
975,Ulberto,Bearcock,587 Gulseth Center,4041598912939
976,Odey,McGrowther,5513 Mayfield Court,3537665824869743
977,Marleen,Pickover,608 Armistice Way,561031514214658258
978,Barnard,McLaverty,5701 Mesta Center,6759062857361068847
979,Hedvige,d' Eye,96551 Green Road,201525698535682
980,Zachery,Clementet,59 Manufacturers Terrace,36942216392192
981,Kayle,Consadine,00 Columbus Place,3576253455455363
982,Brit,Climar,7 Golf View Park,56022166292222861
983,Christean,Flintoffe,13456 International Terrace,5284461516306164
984,Mar,Showell,897 Stone Corner Junction,201586777247227
985,Modesta,Olohan,6 Onsgard Court,374283012333902
986,Bryon,Syalvester,7990 Ridgeview Drive,3541057798493417
987,Jere,Oswick,98560 Petterle Street,374622363204685
988,Jordon,MacAne,71190 Hoffman Junction,5602229236126666
989,Pauly,Grimsditch,2408 Mcbride Place,5366322670119333
990,Heall,Currell,55 Green Ridge Plaza,3540260207288029
991,Avigdor,Server,44173 Mariners Cove Street,4026721595826457
992,Roma,Blaine,8931 Dottie Trail,4987647031264630
993,Hubey,Dericot,0484 Crest Line Parkway,3586996827204301
994,Hilde,Cominoli,5851 Elmside Point,3556571148988035
995,Stormi,Fouldes,98 Sugar Road,3535285493268812
996,Francklyn,Dodworth,622 Ludington Trail,201907203278174
997,Lorinda,Jobe,008 Namekagon Crossing,3549824253110493
998,Merrill,Greenfield,031 Eastwood Lane,56022385782108634
999,Corbin,Foston,93 Ohio Terrace,5100131767589097
1000,Jammal,Oxenford,490 Dixon Crossing,3566135079038273
